{
  "ST" : [ "850", "000000010" ],
  "CTT" : [ "6" ],
  "N1" : [ "ST", "RETAIL STORE", "9", "0001234567890" ],
  "TD5" : [ "A", "92", "P3", "", "SEE ROUTING GUIDE FOR ROUTING" ],
  "IEA" : [ "1", "000001000" ],
  "BEG" : [ "00", "SA", "08292243254", "", "20010501", "610385388" ],
  "N3" : [ "123 ANYWHERE AVENUE" ],
  "N4" : [ "CITY", "ST", "12345" ],
  "GS" : [ "PO", "NOTP", "NOTP", "20080501", "1700", "1000", "X", "004010" ],
  "PKG" : [ "F", "68", "", "", "PALLET, SHRINKWRAP 48W X 40D X 45H", "F", "66", "", "", "REGULAR" ],
  "REF" : [ "DP", "030", "PS", "" ],
  "SE" : [ "20", "000000010" ],
  "PO1" : [ "1", "120", "EA", "9.25", "TE", "CB", "(12) 0-083628-838", "PR", "RO", "VN", "ABA18783", "2", "220", "EA", "13.7 9", "TE", "CB", "(69) 0-093 83 7-991", "PR", "RO", "VN", "RUP83112", "3", "126", "EA", "10.9 9", "TE", "CB", "(71) 0-099172-837", "PR", "RO", "VN", "CPR19293", "4", "76", "EA", "4.35", "TE", "CB", "(71) 0-012110-737", "PR", "RO", "VN", "PIW28173", "5", "72", "EA", "7.5", "TE", "CB", "(71) 0-0848 88-9 75", "PR", "RO", "VN", "JBM1938 7", "6", "696", "EA", "9.55", "TE", "CB", "(71) 0-003 922-121", "PR", "RO", "VN", "IUI19283" ],
  "ISA" : [ "00", "          ", "00", "          ", "12", "NOTP           ", "12", "NOTP           ", "080501", "1700", "U", "00401", "000001000", "0", "P", ">" ],
  "ITD" : [ "14", "3", "2", "", "45", "", "46" ],
  "DTM" : [ "001", "20010510" ],
  "GE" : [ "1", "1000" ]
}